{"cameraMode":{"drawMode":0,"name":"Shaded","section":"Shading Mode"},"sceneLighting":false,"audioPlay":false,"sceneViewState":{"showFog":true,"showMaterialUpdate":false,"showSkybox":true,"showFlares":true,"showImageEffects":true,"showParticleSystems":true},"in2DMode":false,"pivot":{"x":0.0000019073486328125,"y":7.420910835266113,"z":47.400001525878909},"rotation":{"x":0.12682285904884339,"y":0.3664450943470001,"z":-0.05444931983947754,"w":0.9208978414535523},"size":51.58867645263672,"orthographic":false}