{"cameraMode":{"drawMode":0,"name":"Shaded","section":"Shading Mode"},"sceneLighting":false,"audioPlay":false,"sceneViewState":{"showFog":true,"showMaterialUpdate":false,"showSkybox":true,"showFlares":true,"showImageEffects":true,"showParticleSystems":true},"in2DMode":false,"pivot":{"x":-71.77999877929688,"y":12.789999961853028,"z":-84.07605743408203},"rotation":{"x":-0.0035142418928444387,"y":0.9986583590507507,"z":-0.045213326811790469,"w":-0.03637092933058739},"size":2.8578836917877199,"orthographic":false}