{"cameraMode":{"drawMode":0,"name":"Shaded","section":"Shading Mode"},"sceneLighting":false,"audioPlay":false,"sceneViewState":{"showFog":true,"showMaterialUpdate":false,"showSkybox":true,"showFlares":true,"showImageEffects":true,"showParticleSystems":true},"in2DMode":false,"pivot":{"x":5.100000381469727,"y":9.489880561828614,"z":48.830902099609378},"rotation":{"x":-0.38491231203079226,"y":-0.00005912543929298408,"z":0.005330177489668131,"w":-0.9237485527992249},"size":54.007301330566409,"orthographic":false}