{"cameraMode":{"drawMode":0,"name":"Shaded","section":"Shading Mode"},"sceneLighting":false,"audioPlay":false,"sceneViewState":{"showFog":true,"showMaterialUpdate":false,"showSkybox":true,"showFlares":true,"showImageEffects":true,"showParticleSystems":true},"in2DMode":false,"pivot":{"x":-739.9427490234375,"y":36.20378494262695,"z":505.0384521484375},"rotation":{"x":-0.0022400645539164545,"y":-0.8993130922317505,"z":0.43809518218040469,"w":-0.0011627626372501255},"size":479.7575378417969,"orthographic":false}