{"cameraMode":{"drawMode":0,"name":"Shaded","section":"Shading Mode"},"sceneLighting":false,"audioPlay":false,"sceneViewState":{"showFog":true,"showMaterialUpdate":false,"showSkybox":true,"showFlares":true,"showImageEffects":true,"showParticleSystems":true},"in2DMode":false,"pivot":{"x":-1220.12158203125,"y":7.9844970703125,"z":295.71917724609377},"rotation":{"x":0.28220757842063906,"y":-0.713711142539978,"z":0.49810561537742617,"w":0.4044075906276703},"size":1042.0479736328125,"orthographic":false}