{"cameraMode":{"drawMode":0,"name":"Shaded","section":"Shading Mode"},"sceneLighting":false,"audioPlay":false,"sceneViewState":{"showFog":true,"showMaterialUpdate":false,"showSkybox":true,"showFlares":true,"showImageEffects":true,"showParticleSystems":true},"in2DMode":false,"pivot":{"x":1290.173095703125,"y":173.48951721191407,"z":-30.112762451171876},"rotation":{"x":-0.040182631462812427,"y":-0.01650174893438816,"z":-0.0005442717811092734,"w":0.9991799592971802},"size":346.99786376953127,"orthographic":false}