{"cameraMode":{"drawMode":0,"name":"Shaded","section":"Shading Mode"},"sceneLighting":true,"audioPlay":false,"sceneViewState":{"showFog":true,"showMaterialUpdate":false,"showSkybox":true,"showFlares":true,"showImageEffects":true,"showParticleSystems":true},"in2DMode":false,"pivot":{"x":-90.69999694824219,"y":2.450000762939453,"z":57.69999694824219},"rotation":{"x":0.429717093706131,"y":-0.025750579312443734,"z":0.012232004664838314,"w":0.9026568531990051},"size":193.12754821777345,"orthographic":false}