{"cameraMode":{"drawMode":0,"name":"Shaded","section":"Shading Mode"},"sceneLighting":false,"audioPlay":false,"sceneViewState":{"showFog":true,"showMaterialUpdate":false,"showSkybox":true,"showFlares":true,"showImageEffects":true,"showParticleSystems":true},"in2DMode":false,"pivot":{"x":-27.18147850036621,"y":5.1099653244018559,"z":-66.45549774169922},"rotation":{"x":-0.001479748054407537,"y":-0.9945386648178101,"z":0.10365691781044007,"w":-0.028606917709112169},"size":57.35613250732422,"orthographic":false}