{"cameraMode":{"drawMode":0,"name":"Shaded","section":"Shading Mode"},"sceneLighting":false,"audioPlay":false,"sceneViewState":{"showFog":true,"showMaterialUpdate":false,"showSkybox":true,"showFlares":true,"showImageEffects":true,"showParticleSystems":true},"in2DMode":false,"pivot":{"x":25.183460235595704,"y":61.12226486206055,"z":-107.66992950439453},"rotation":{"x":-0.16151508688926698,"y":-0.03710085153579712,"z":0.006523644085973501,"w":-0.9864391684532166},"size":49.56916427612305,"orthographic":false}