{"cameraMode":{"drawMode":0,"name":"Shaded","section":"Shading Mode"},"sceneLighting":false,"audioPlay":false,"sceneViewState":{"showFog":true,"showMaterialUpdate":false,"showSkybox":true,"showFlares":true,"showImageEffects":true,"showParticleSystems":true},"in2DMode":false,"pivot":{"x":634.2265014648438,"y":56.36254119873047,"z":4.065032958984375},"rotation":{"x":-0.00022563210222870111,"y":-0.9999410510063171,"z":0.007806085981428623,"w":-0.017713015899062158},"size":322.2714538574219,"orthographic":false}