{"cameraMode":{"drawMode":0,"name":"Shaded","section":"Shading Mode"},"sceneLighting":false,"audioPlay":false,"sceneViewState":{"showFog":true,"showMaterialUpdate":false,"showSkybox":true,"showFlares":true,"showImageEffects":true,"showParticleSystems":true},"in2DMode":false,"pivot":{"x":-63.599998474121097,"y":19.299999237060548,"z":-426.29998779296877},"rotation":{"x":-0.4792274534702301,"y":0.1858655959367752,"z":-0.10239765793085098,"w":-0.8523349165916443},"size":759.5900268554688,"orthographic":false}