{"cameraMode":{"drawMode":0,"name":"Shaded","section":"Shading Mode"},"sceneLighting":false,"audioPlay":false,"sceneViewState":{"showFog":true,"showMaterialUpdate":false,"showSkybox":true,"showFlares":true,"showImageEffects":true,"showParticleSystems":true},"in2DMode":false,"pivot":{"x":-0.3808884620666504,"y":10.014928817749024,"z":47.41999816894531},"rotation":{"x":0.4528545141220093,"y":0.02193484641611576,"z":-0.01918060891330242,"w":0.8923569321632385},"size":29.538955688476564,"orthographic":false}