{"cameraMode":{"drawMode":0,"name":"Shaded","section":"Shading Mode"},"sceneLighting":false,"audioPlay":false,"sceneViewState":{"showFog":true,"showMaterialUpdate":false,"showSkybox":true,"showFlares":true,"showImageEffects":true,"showParticleSystems":true},"in2DMode":false,"pivot":{"x":63.9180908203125,"y":-355.1046142578125,"z":-912.2979736328125},"rotation":{"x":0.3286568224430084,"y":-0.5581665635108948,"z":0.25564929842948916,"w":0.7181419730186462},"size":1206.6201171875,"orthographic":false}