{"cameraMode":{"drawMode":0,"name":"Shaded","section":"Shading Mode"},"sceneLighting":false,"audioPlay":false,"sceneViewState":{"showFog":true,"showMaterialUpdate":false,"showSkybox":true,"showFlares":true,"showImageEffects":true,"showParticleSystems":true},"in2DMode":false,"pivot":{"x":-136.21774291992188,"y":-4.90716552734375,"z":-55.184364318847659},"rotation":{"x":0.47296392917633059,"y":-0.5199393630027771,"z":0.44030749797821047,"w":0.5592379570007324},"size":711.5003051757813,"orthographic":false}