{"cameraMode":{"drawMode":0,"name":"Shaded","section":"Shading Mode"},"sceneLighting":false,"audioPlay":false,"sceneViewState":{"showFog":true,"showMaterialUpdate":false,"showSkybox":true,"showFlares":true,"showImageEffects":true,"showParticleSystems":true},"in2DMode":false,"pivot":{"x":-1.2798633575439454,"y":3.2450389862060549,"z":-2.2501139640808107},"rotation":{"x":0.32007282972335818,"y":-0.0056906878016889099,"z":0.0019154689507558942,"w":0.9473851323127747},"size":28.468978881835939,"orthographic":false}