{"cameraMode":{"drawMode":0,"name":"Shaded","section":"Shading Mode"},"sceneLighting":false,"audioPlay":false,"sceneViewState":{"showFog":true,"showMaterialUpdate":false,"showSkybox":true,"showFlares":true,"showImageEffects":true,"showParticleSystems":true},"in2DMode":false,"pivot":{"x":-71.77999877929688,"y":12.789999961853028,"z":-84.07605743408203},"rotation":{"x":-0.3006674349308014,"y":0.17564722895622254,"z":-0.05633780360221863,"w":-0.9359554648399353},"size":2.8578836917877199,"orthographic":false}