{"cameraMode":{"drawMode":0,"name":"Shaded","section":"Shading Mode"},"sceneLighting":false,"audioPlay":false,"sceneViewState":{"showFog":true,"showMaterialUpdate":false,"showSkybox":true,"showFlares":true,"showImageEffects":true,"showParticleSystems":true},"in2DMode":false,"pivot":{"x":-22.20353126525879,"y":1.3966388702392579,"z":-65.24119567871094},"rotation":{"x":-0.1554601490497589,"y":-0.7882680296897888,"z":0.22428616881370545,"w":-0.5520815849304199},"size":29.786365509033204,"orthographic":false}