{"cameraMode":{"drawMode":0,"name":"Shaded","section":"Shading Mode"},"sceneLighting":false,"audioPlay":false,"sceneViewState":{"showFog":true,"showMaterialUpdate":false,"showSkybox":true,"showFlares":true,"showImageEffects":true,"showParticleSystems":true},"in2DMode":false,"pivot":{"x":631.9735107421875,"y":130.7859649658203,"z":19.4019775390625},"rotation":{"x":0.004008459858596325,"y":-0.9959915280342102,"z":-0.06852983683347702,"w":-0.059550411999225619},"size":395.3822937011719,"orthographic":false}