{"cameraMode":{"drawMode":0,"name":"Shaded","section":"Shading Mode"},"sceneLighting":false,"audioPlay":false,"sceneViewState":{"showFog":true,"showMaterialUpdate":false,"showSkybox":true,"showFlares":true,"showImageEffects":true,"showParticleSystems":true},"in2DMode":false,"pivot":{"x":-204.9624481201172,"y":45.8619384765625,"z":-5.0902862548828129},"rotation":{"x":-0.2669864296913147,"y":0.5484822988510132,"z":-0.18942268192768098,"w":-0.7701387405395508},"size":511.13153076171877,"orthographic":false}