{"cameraMode":{"drawMode":0,"name":"Shaded","section":"Shading Mode"},"sceneLighting":true,"audioPlay":false,"sceneViewState":{"showFog":true,"showMaterialUpdate":false,"showSkybox":true,"showFlares":true,"showImageEffects":true,"showParticleSystems":true},"in2DMode":false,"pivot":{"x":108.35910034179688,"y":544.6845703125,"z":-143.0198974609375},"rotation":{"x":-0.18678468465805055,"y":0.11277202516794205,"z":-0.011888218112289906,"w":-0.9770714640617371},"size":1722.3934326171875,"orthographic":false}