{"cameraMode":{"drawMode":0,"name":"Shaded","section":"Shading Mode"},"sceneLighting":false,"audioPlay":false,"sceneViewState":{"showFog":true,"showMaterialUpdate":false,"showSkybox":true,"showFlares":true,"showImageEffects":true,"showParticleSystems":true},"in2DMode":false,"pivot":{"x":-26.385700225830079,"y":3.746816873550415,"z":-48.95743942260742},"rotation":{"x":0.14995452761650086,"y":0.7870728969573975,"z":-0.21404998004436494,"w":0.5594542026519775},"size":167.32357788085938,"orthographic":false}