{"cameraMode":{"drawMode":0,"name":"Shaded","section":"Shading Mode"},"sceneLighting":false,"audioPlay":false,"sceneViewState":{"showFog":true,"showMaterialUpdate":false,"showSkybox":true,"showFlares":true,"showImageEffects":true,"showParticleSystems":true},"in2DMode":false,"pivot":{"x":-765.960205078125,"y":40.10346984863281,"z":491.601806640625},"rotation":{"x":0.30385202169418337,"y":-0.6255952715873718,"z":0.2886604070663452,"w":0.6585087776184082},"size":2050.812744140625,"orthographic":false}