{"cameraMode":{"drawMode":0,"name":"Shaded","section":"Shading Mode"},"sceneLighting":false,"audioPlay":false,"sceneViewState":{"showFog":true,"showMaterialUpdate":false,"showSkybox":true,"showFlares":true,"showImageEffects":true,"showParticleSystems":true},"in2DMode":false,"pivot":{"x":-26.385700225830079,"y":3.746816873550415,"z":-48.95743942260742},"rotation":{"x":-0.01148492842912674,"y":0.9842987060546875,"z":-0.16867707669734956,"w":-0.05790773779153824},"size":64.89034271240235,"orthographic":false}