{"cameraMode":{"drawMode":0,"name":"Shaded","section":"Shading Mode"},"sceneLighting":false,"audioPlay":false,"sceneViewState":{"showFog":true,"showMaterialUpdate":false,"showSkybox":true,"showFlares":true,"showImageEffects":true,"showParticleSystems":true},"in2DMode":false,"pivot":{"x":17.78819465637207,"y":2.4600000381469728,"z":1.075948715209961},"rotation":{"x":0.06437208503484726,"y":-0.5418888926506043,"z":0.041782207787036899,"w":0.8371032476425171},"size":24.076194763183595,"orthographic":false}