{"cameraMode":{"drawMode":0,"name":"Shaded","section":"Shading Mode"},"sceneLighting":false,"audioPlay":false,"sceneViewState":{"showFog":true,"showMaterialUpdate":false,"showSkybox":true,"showFlares":true,"showImageEffects":true,"showParticleSystems":true},"in2DMode":false,"pivot":{"x":-41.53570556640625,"y":18.701194763183595,"z":-63.338462829589847},"rotation":{"x":-0.34013116359710696,"y":0.601777970790863,"z":-0.3148221969604492,"w":-0.650698721408844},"size":13.666947364807129,"orthographic":false}