{"cameraMode":{"drawMode":0,"name":"Shaded","section":"Shading Mode"},"sceneLighting":false,"audioPlay":false,"sceneViewState":{"showFog":true,"showMaterialUpdate":false,"showSkybox":true,"showFlares":true,"showImageEffects":true,"showParticleSystems":true},"in2DMode":false,"pivot":{"x":18.686824798583986,"y":1.7941957712173463,"z":2.326368570327759},"rotation":{"x":-0.0328284427523613,"y":-0.9280317425727844,"z":0.084010548889637,"w":-0.3617722988128662},"size":17.557828903198243,"orthographic":false}