{"cameraMode":{"drawMode":0,"name":"Shaded","section":"Shading Mode"},"sceneLighting":false,"audioPlay":false,"sceneViewState":{"showFog":true,"showMaterialUpdate":false,"showSkybox":true,"showFlares":true,"showImageEffects":true,"showParticleSystems":true},"in2DMode":false,"pivot":{"x":104.5999984741211,"y":6.314325332641602,"z":0.0},"rotation":{"x":-0.32138553261756899,"y":0.14951281249523164,"z":-0.045815642923116687,"w":-0.9348135590553284},"size":226.0465087890625,"orthographic":false}