{"cameraMode":{"drawMode":0,"name":"Shaded","section":"Shading Mode"},"sceneLighting":false,"audioPlay":false,"sceneViewState":{"showFog":true,"showMaterialUpdate":false,"showSkybox":true,"showFlares":true,"showImageEffects":true,"showParticleSystems":true},"in2DMode":false,"pivot":{"x":1420.0103759765625,"y":920.8675537109375,"z":77.643310546875},"rotation":{"x":-0.04380647465586662,"y":0.010733529925346375,"z":-0.0013672664063051344,"w":-0.9993595480918884},"size":1052.7523193359375,"orthographic":false}