{"cameraMode":{"drawMode":0,"name":"Shaded","section":"Shading Mode"},"sceneLighting":false,"audioPlay":false,"sceneViewState":{"showFog":true,"showMaterialUpdate":false,"showSkybox":true,"showFlares":true,"showImageEffects":true,"showParticleSystems":true},"in2DMode":false,"pivot":{"x":-4.7274088859558109,"y":18.87890625,"z":5.964449405670166},"rotation":{"x":0.05365106835961342,"y":-0.9173091053962708,"z":0.10780678689479828,"w":0.3824769854545593},"size":8.63232707977295,"orthographic":false}