{"cameraMode":{"drawMode":0,"name":"Shaded","section":"Shading Mode"},"sceneLighting":true,"audioPlay":false,"sceneViewState":{"showFog":true,"showMaterialUpdate":false,"showSkybox":true,"showFlares":true,"showImageEffects":true,"showParticleSystems":true},"in2DMode":false,"pivot":{"x":-61.25847625732422,"y":-46.28764343261719,"z":-5.624092102050781},"rotation":{"x":-0.29873403906822207,"y":-0.011517595499753952,"z":0.0039389850571751598,"w":-0.95453280210495},"size":139.4407196044922,"orthographic":false}