{"cameraMode":{"drawMode":0,"name":"Shaded","section":"Shading Mode"},"sceneLighting":false,"audioPlay":false,"sceneViewState":{"showFog":true,"showMaterialUpdate":false,"showSkybox":true,"showFlares":true,"showImageEffects":true,"showParticleSystems":true},"in2DMode":false,"pivot":{"x":-3.105942726135254,"y":9.95307731628418,"z":10.247702598571778},"rotation":{"x":-0.0010285063181072474,"y":-0.999608039855957,"z":0.015292441472411156,"w":-0.034597575664520267},"size":26.884309768676759,"orthographic":false}