{"cameraMode":{"drawMode":0,"name":"Shaded","section":"Shading Mode"},"sceneLighting":false,"audioPlay":false,"sceneViewState":{"showFog":true,"showMaterialUpdate":false,"showSkybox":true,"showFlares":true,"showImageEffects":true,"showParticleSystems":true},"in2DMode":false,"pivot":{"x":-27.403244018554689,"y":-4.422370910644531,"z":208.02914428710938},"rotation":{"x":-0.14111104607582093,"y":0.7187570929527283,"z":-0.1519341915845871,"w":-0.6640384197235107},"size":205.86862182617188,"orthographic":false}