{"cameraMode":{"drawMode":0,"name":"Shaded","section":"Shading Mode"},"sceneLighting":true,"audioPlay":false,"sceneViewState":{"showFog":true,"showMaterialUpdate":false,"showSkybox":true,"showFlares":true,"showImageEffects":true,"showParticleSystems":true},"in2DMode":false,"pivot":{"x":-45.09286117553711,"y":4.9099202156066898,"z":23.18553352355957},"rotation":{"x":-0.254550576210022,"y":-0.16599293053150178,"z":0.0445326566696167,"w":-0.9519393444061279},"size":121.14035034179688,"orthographic":false}