{"cameraMode":{"drawMode":0,"name":"Shaded","section":"Shading Mode"},"sceneLighting":false,"audioPlay":false,"sceneViewState":{"showFog":true,"showMaterialUpdate":false,"showSkybox":true,"showFlares":true,"showImageEffects":true,"showParticleSystems":true},"in2DMode":false,"pivot":{"x":-28.217674255371095,"y":7.320290565490723,"z":-59.15751266479492},"rotation":{"x":0.05828211084008217,"y":0.8916178941726685,"z":-0.12501731514930726,"w":0.43211427330970766},"size":47.61426544189453,"orthographic":false}