{"cameraMode":{"drawMode":0,"name":"Shaded","section":"Shading Mode"},"sceneLighting":false,"audioPlay":false,"sceneViewState":{"showFog":true,"showMaterialUpdate":false,"showSkybox":true,"showFlares":true,"showImageEffects":true,"showParticleSystems":true},"in2DMode":false,"pivot":{"x":963.5486450195313,"y":354.3421936035156,"z":11.0296630859375},"rotation":{"x":0.0401582196354866,"y":0.061744239181280139,"z":0.0017255295533686877,"w":-0.9976626634597778},"size":1212.3330078125,"orthographic":false}