{"cameraMode":{"drawMode":0,"name":"Shaded","section":"Shading Mode"},"sceneLighting":true,"audioPlay":false,"sceneViewState":{"showFog":true,"showMaterialUpdate":false,"showSkybox":true,"showFlares":true,"showImageEffects":true,"showParticleSystems":true},"in2DMode":false,"pivot":{"x":389.44451904296877,"y":75.39059448242188,"z":24.3304443359375},"rotation":{"x":-0.2350490242242813,"y":0.029226068407297136,"z":-0.007992773316800595,"w":-0.9718989133834839},"size":930.0109252929688,"orthographic":false}