{"cameraMode":{"drawMode":0,"name":"Shaded","section":"Shading Mode"},"sceneLighting":false,"audioPlay":false,"sceneViewState":{"showFog":true,"showMaterialUpdate":false,"showSkybox":true,"showFlares":true,"showImageEffects":true,"showParticleSystems":true},"in2DMode":false,"pivot":{"x":963.5486450195313,"y":354.3421936035156,"z":11.0296630859375},"rotation":{"x":0.004169342573732138,"y":-0.01922340877354145,"z":-0.000879400409758091,"w":-1.000185251235962},"size":1062.36328125,"orthographic":false}