{"cameraMode":{"drawMode":0,"name":"Shaded","section":"Shading Mode"},"sceneLighting":false,"audioPlay":false,"sceneViewState":{"showFog":true,"showMaterialUpdate":false,"showSkybox":true,"showFlares":true,"showImageEffects":true,"showParticleSystems":true},"in2DMode":false,"pivot":{"x":-12.303276062011719,"y":5.826747894287109,"z":7.638767242431641},"rotation":{"x":-0.03571947291493416,"y":-0.9602592587471008,"z":0.14088772237300874,"w":-0.23960328102111817},"size":32.430076599121097,"orthographic":false}