{"cameraMode":{"drawMode":0,"name":"Shaded","section":"Shading Mode"},"sceneLighting":false,"audioPlay":false,"sceneViewState":{"showFog":true,"showMaterialUpdate":false,"showSkybox":true,"showFlares":true,"showImageEffects":true,"showParticleSystems":true},"in2DMode":false,"pivot":{"x":-71.77999877929688,"y":12.789999961853028,"z":-84.07605743408203},"rotation":{"x":-0.254550576210022,"y":-0.16599293053150178,"z":0.0445326566696167,"w":-0.9519393444061279},"size":2.8578836917877199,"orthographic":false}