{"cameraMode":{"drawMode":0,"name":"Shaded","section":"Shading Mode"},"sceneLighting":false,"audioPlay":false,"sceneViewState":{"showFog":true,"showMaterialUpdate":false,"showSkybox":true,"showFlares":true,"showImageEffects":true,"showParticleSystems":true},"in2DMode":false,"pivot":{"x":-443.4744567871094,"y":475.3131408691406,"z":254.2801055908203},"rotation":{"x":0.5656499266624451,"y":-0.06067400798201561,"z":0.034163106232881549,"w":0.8228471279144287},"size":36.125186920166019,"orthographic":false}