{"cameraMode":{"drawMode":0,"name":"Shaded","section":"Shading Mode"},"sceneLighting":false,"audioPlay":false,"sceneViewState":{"showFog":true,"showMaterialUpdate":false,"showSkybox":true,"showFlares":true,"showImageEffects":true,"showParticleSystems":true},"in2DMode":false,"pivot":{"x":-8.479799270629883,"y":0.23114585876464845,"z":14.32575798034668},"rotation":{"x":-0.06866011023521424,"y":-0.7119017839431763,"z":0.06949486583471298,"w":-0.6959255933761597},"size":32.06003952026367,"orthographic":false}