{"cameraMode":{"drawMode":0,"name":"Shaded","section":"Shading Mode"},"sceneLighting":false,"audioPlay":false,"sceneViewState":{"showFog":true,"showMaterialUpdate":false,"showSkybox":true,"showFlares":true,"showImageEffects":true,"showParticleSystems":true},"in2DMode":false,"pivot":{"x":-3.701223373413086,"y":4.892658233642578,"z":10.643177032470704},"rotation":{"x":-0.020453941076993943,"y":-0.9801367521286011,"z":0.1273636519908905,"w":-0.15267261862754823},"size":32.430076599121097,"orthographic":false}