{"cameraMode":{"drawMode":0,"name":"Shaded","section":"Shading Mode"},"sceneLighting":false,"audioPlay":false,"sceneViewState":{"showFog":true,"showMaterialUpdate":false,"showSkybox":true,"showFlares":true,"showImageEffects":true,"showParticleSystems":true},"in2DMode":false,"pivot":{"x":0.29795169830322268,"y":1.7868775129318238,"z":-0.1104731559753418},"rotation":{"x":-0.0019649763125926258,"y":-0.16077561676502229,"z":-0.0007831024122424424,"w":-0.9875044226646423},"size":4.635234832763672,"orthographic":false}