{"cameraMode":{"drawMode":0,"name":"Shaded","section":"Shading Mode"},"sceneLighting":false,"audioPlay":false,"sceneViewState":{"showFog":true,"showMaterialUpdate":false,"showSkybox":true,"showFlares":true,"showImageEffects":true,"showParticleSystems":true},"in2DMode":false,"pivot":{"x":-27.18147850036621,"y":5.1099653244018559,"z":-66.45549774169922},"rotation":{"x":-0.23678602278232575,"y":-0.5498366951942444,"z":0.16773368418216706,"w":-0.7836683988571167},"size":28.824514389038087,"orthographic":false}