{"cameraMode":{"drawMode":0,"name":"Shaded","section":"Shading Mode"},"sceneLighting":false,"audioPlay":false,"sceneViewState":{"showFog":true,"showMaterialUpdate":false,"showSkybox":true,"showFlares":true,"showImageEffects":true,"showParticleSystems":true},"in2DMode":false,"pivot":{"x":-71.77999877929688,"y":12.789999961853028,"z":-84.07605743408203},"rotation":{"x":-0.38491231203079226,"y":-0.00005912543929298408,"z":0.005330177489668131,"w":-0.9237485527992249},"size":7.379779815673828,"orthographic":false}