{"cameraMode":{"drawMode":0,"name":"Shaded","section":"Shading Mode"},"sceneLighting":false,"audioPlay":false,"sceneViewState":{"showFog":true,"showMaterialUpdate":false,"showSkybox":true,"showFlares":true,"showImageEffects":true,"showParticleSystems":true},"in2DMode":false,"pivot":{"x":-867.07861328125,"y":36.20378494262695,"z":344.2047424316406},"rotation":{"x":0.08289945125579834,"y":-0.7129093408584595,"z":0.6912930011749268,"w":0.08777032792568207},"size":1312.386474609375,"orthographic":false}