{"cameraMode":{"drawMode":0,"name":"Shaded","section":"Shading Mode"},"sceneLighting":false,"audioPlay":false,"sceneViewState":{"showFog":true,"showMaterialUpdate":false,"showSkybox":true,"showFlares":true,"showImageEffects":true,"showParticleSystems":true},"in2DMode":false,"pivot":{"x":0.36113548278808596,"y":5.460716247558594,"z":6.966446876525879},"rotation":{"x":-0.03644062578678131,"y":-0.9422232508659363,"z":0.10655272006988526,"w":-0.31646639108657839},"size":39.91779708862305,"orthographic":false}