{"cameraMode":{"drawMode":0,"name":"Shaded","section":"Shading Mode"},"sceneLighting":false,"audioPlay":false,"sceneViewState":{"showFog":true,"showMaterialUpdate":false,"showSkybox":true,"showFlares":true,"showImageEffects":true,"showParticleSystems":true},"in2DMode":false,"pivot":{"x":-867.07861328125,"y":36.20378494262695,"z":344.2047424316406},"rotation":{"x":0.31040722131729128,"y":-0.6848219037055969,"z":0.5069614052772522,"w":0.42232346534729006},"size":930.36376953125,"orthographic":false}