{"cameraMode":{"drawMode":0,"name":"Shaded","section":"Shading Mode"},"sceneLighting":false,"audioPlay":false,"sceneViewState":{"showFog":true,"showMaterialUpdate":false,"showSkybox":true,"showFlares":true,"showImageEffects":true,"showParticleSystems":true},"in2DMode":false,"pivot":{"x":17.788192749023439,"y":0.0,"z":2.0520057678222658},"rotation":{"x":-0.13180485367774964,"y":0.7984881401062012,"z":-0.1893778294324875,"w":-0.5561807751655579},"size":25.467876434326173,"orthographic":false}