{"cameraMode":{"drawMode":0,"name":"Shaded","section":"Shading Mode"},"sceneLighting":false,"audioPlay":false,"sceneViewState":{"showFog":true,"showMaterialUpdate":false,"showSkybox":true,"showFlares":true,"showImageEffects":true,"showParticleSystems":true},"in2DMode":false,"pivot":{"x":-71.77999877929688,"y":12.789999961853028,"z":-84.07605743408203},"rotation":{"x":0.030371172353625299,"y":-0.9339805841445923,"z":0.05943004786968231,"w":0.35423022508621218},"size":3.457883596420288,"orthographic":false}