{"cameraMode":{"drawMode":0,"name":"Shaded","section":"Shading Mode"},"sceneLighting":true,"audioPlay":false,"sceneViewState":{"showFog":true,"showMaterialUpdate":false,"showSkybox":true,"showFlares":true,"showImageEffects":true,"showParticleSystems":true},"in2DMode":false,"pivot":{"x":294.0090026855469,"y":-18.241455078125,"z":64.84063720703125},"rotation":{"x":-0.4357322156429291,"y":0.09275855869054795,"z":-0.04522526264190674,"w":-0.8944714665412903},"size":543.6268310546875,"orthographic":false}