{"cameraMode":{"drawMode":0,"name":"Shaded","section":"Shading Mode"},"sceneLighting":true,"audioPlay":false,"sceneViewState":{"showFog":true,"showMaterialUpdate":false,"showSkybox":true,"showFlares":true,"showImageEffects":true,"showParticleSystems":true},"in2DMode":false,"pivot":{"x":-514.9424438476563,"y":-718.0257568359375,"z":318.09173583984377},"rotation":{"x":0.36734920740127566,"y":-0.6074312329292297,"z":0.3766481876373291,"w":0.5957675576210022},"size":2481.166015625,"orthographic":false}