{"cameraMode":{"drawMode":0,"name":"Shaded","section":"Shading Mode"},"sceneLighting":true,"audioPlay":false,"sceneViewState":{"showFog":true,"showMaterialUpdate":false,"showSkybox":true,"showFlares":true,"showImageEffects":true,"showParticleSystems":true},"in2DMode":false,"pivot":{"x":116.56098175048828,"y":-26.639404296875,"z":188.06268310546876},"rotation":{"x":-0.47419798374176028,"y":-0.011441897600889206,"z":0.00588912982493639,"w":-0.880922794342041},"size":693.5906982421875,"orthographic":false}