{"cameraMode":{"drawMode":0,"name":"Shaded","section":"Shading Mode"},"sceneLighting":false,"audioPlay":false,"sceneViewState":{"showFog":true,"showMaterialUpdate":false,"showSkybox":true,"showFlares":true,"showImageEffects":true,"showParticleSystems":true},"in2DMode":false,"pivot":{"x":-27.18147850036621,"y":5.1099653244018559,"z":-66.45549774169922},"rotation":{"x":-0.4241942763328552,"y":-0.5738278031349182,"z":0.47829219698905947,"w":-0.5125298500061035},"size":28.360851287841798,"orthographic":false}