{"cameraMode":{"drawMode":0,"name":"Shaded","section":"Shading Mode"},"sceneLighting":false,"audioPlay":false,"sceneViewState":{"showFog":true,"showMaterialUpdate":false,"showSkybox":true,"showFlares":true,"showImageEffects":true,"showParticleSystems":true},"in2DMode":false,"pivot":{"x":-5.654411315917969,"y":8.659393310546875,"z":142.63330078125},"rotation":{"x":-0.12235814332962036,"y":0.8254563212394714,"z":-0.195673868060112,"w":-0.5157084465026856},"size":170.82443237304688,"orthographic":false}