{"cameraMode":{"drawMode":0,"name":"Shaded","section":"Shading Mode"},"sceneLighting":false,"audioPlay":false,"sceneViewState":{"showFog":true,"showMaterialUpdate":false,"showSkybox":true,"showFlares":true,"showImageEffects":true,"showParticleSystems":true},"in2DMode":false,"pivot":{"x":-58.936763763427737,"y":12.689348220825196,"z":-65.05704498291016},"rotation":{"x":0.15280534327030183,"y":-0.29455646872520449,"z":0.047895122319459918,"w":0.9422373175621033},"size":9.12951374053955,"orthographic":false}