{"cameraMode":{"drawMode":0,"name":"Shaded","section":"Shading Mode"},"sceneLighting":false,"audioPlay":false,"sceneViewState":{"showFog":true,"showMaterialUpdate":false,"showSkybox":true,"showFlares":true,"showImageEffects":true,"showParticleSystems":true},"in2DMode":false,"pivot":{"x":-8.479799270629883,"y":0.23114585876464845,"z":14.32575798034668},"rotation":{"x":-0.00098692427854985,"y":-0.9854255318641663,"z":0.17201003432273866,"w":-0.0029760843608528377},"size":38.23219299316406,"orthographic":false}