{"cameraMode":{"drawMode":0,"name":"Shaded","section":"Shading Mode"},"sceneLighting":false,"audioPlay":false,"sceneViewState":{"showFog":true,"showMaterialUpdate":false,"showSkybox":true,"showFlares":true,"showImageEffects":true,"showParticleSystems":true},"in2DMode":false,"pivot":{"x":-25.456382751464845,"y":10.767927169799805,"z":-68.61619567871094},"rotation":{"x":-0.06850683689117432,"y":-0.8050780892372131,"z":0.09678105264902115,"w":-0.5817612409591675},"size":23.130264282226564,"orthographic":false}